,Age,Value of Investments ($),Number of Transactions,Household Income ($),Unnamed: 8
count,410.0,410.0,410.0,410.0,0.0
mean,30.11219512195122,28538.29268292683,5.9731707317073175,74459.51219512195,
std,4.024022918775674,15810.830740858732,3.1008733204941636,34818.2106717518,
min,19.0,0.0,0.0,16200.0,
25%,28.0,18300.0,4.0,51625.0,
50%,30.0,24800.0,6.0,66050.0,
75%,33.0,34275.0,7.0,88775.0,
max,42.0,133400.0,21.0,322500.0,
